engine,image,height,width,seconds
python_orig,1.png,960,1280,0.344154
python_orig,2.png,960,1280,0.341563
python_orig,3.png,486,648,0.081206
python_orig,4.png,960,1280,0.292559
python_orig,5.png,960,1280,0.239985
python_orig,6.png,486,648,0.079417
python_orig,7.png,960,1280,0.328922
python_orig,8.png,960,1280,0.261982
python_orig,9.png,960,1280,0.278700
python_orig,10.png,960,1280,0.265846
python_orig,11.png,960,1280,0.251771
python_orig,12.png,960,1280,0.295795
python_orig,13.png,960,1280,0.278028
python_orig,14.png,1086,1448,0.330245
python_orig,15.png,1253,1324,0.508697
python_orig,16.png,1086,1448,0.407838
python_orig,17.png,960,1280,0.265320
onnx_python,1.png,960,1280,0.233125
onnx_python,2.png,960,1280,0.264706
onnx_python,3.png,486,648,0.068649
onnx_python,4.png,960,1280,0.227582
onnx_python,5.png,960,1280,0.183918
onnx_python,6.png,486,648,0.065204
onnx_python,7.png,960,1280,0.270600
onnx_python,8.png,960,1280,0.185626
onnx_python,9.png,960,1280,0.216402
onnx_python,10.png,960,1280,0.211934
onnx_python,11.png,960,1280,0.196002
onnx_python,12.png,960,1280,0.241921
onnx_python,13.png,960,1280,0.225879
onnx_python,14.png,1086,1448,0.239751
onnx_python,15.png,1253,1324,0.411045
onnx_python,16.png,1086,1448,0.338386
onnx_python,17.png,960,1280,0.216419
